{
  "best_global_step": null,
  "best_metric": null,
  "best_model_checkpoint": null,
  "epoch": 1.0,
  "eval_steps": 10,
  "global_step": 13,
  "is_hyper_param_search": false,
  "is_local_process_zero": true,
  "is_world_process_zero": true,
  "log_history": [
    {
      "entropy": 3.4394859075546265,
      "epoch": 0.38461538461538464,
      "grad_norm": 0.80078125,
      "learning_rate": 0.0001794871794871795,
      "loss": 3.5324745178222656,
      "mean_token_accuracy": 0.35991725996136664,
      "num_tokens": 874.0,
      "step": 5
    },
    {
      "entropy": 2.6015148639678953,
      "epoch": 0.7692307692307693,
      "grad_norm": 1.3359375,
      "learning_rate": 0.00015384615384615385,
      "loss": 2.5634153366088865,
      "mean_token_accuracy": 0.5047404557466507,
      "num_tokens": 1763.0,
      "step": 10
    },
    {
      "epoch": 0.7692307692307693,
      "eval_entropy": 2.4262999296188354,
      "eval_loss": 2.034569263458252,
      "eval_mean_token_accuracy": 0.5003202110528946,
      "eval_num_tokens": 1763.0,
      "eval_runtime": 4.1047,
      "eval_samples_per_second": 2.436,
      "eval_steps_per_second": 0.487,
      "step": 10
    }
  ],
  "logging_steps": 5,
  "max_steps": 39,
  "num_input_tokens_seen": 0,
  "num_train_epochs": 3,
  "save_steps": 500,
  "stateful_callbacks": {
    "TrainerControl": {
      "args": {
        "should_epoch_stop": false,
        "should_evaluate": false,
        "should_log": false,
        "should_save": true,
        "should_training_stop": false
      },
      "attributes": {}
    }
  },
  "total_flos": 101410285486080.0,
  "train_batch_size": 1,
  "trial_name": null,
  "trial_params": null
}
